[
{"hoscode":"1000_0","depcode":"200040878","title":"医师","docname":"邵迎红","skill":"内分泌科常见病。","workDate":"2020-12-13","workTime":0,"reservedNumber":33,"availableNumber":22,"amount":"100","status":1,"hosScheduleId":"1"},
{"hoscode":"1000_0","depcode":"200040878","title":"副主任医师","docname":"裴育","skill":"骨质疏松和骨代谢疾病、糖尿病、甲状腺疾病。","workDate":"2020-12-22","workTime":0,"reservedNumber":40,"availableNumber":6,"amount":"100","status":1,"hosScheduleId":"2"},
{"hoscode":"1000_0","depcode":"200040878","title":"副主任医师","docname":"邵迎红","skill":"内分泌与代谢性疾病。","workDate":"2020-12-22","workTime":1,"reservedNumber":27,"availableNumber":10,"amount":"100","status":1,"hosScheduleId":"3"},
{"hoscode":"1000_0","depcode":"200040878","title":"医师","docname":"邵迎红","skill":"内分泌科常见病。","workDate":"2020-12-14","workTime":0,"reservedNumber":33,"availableNumber":22,"amount":"100","status":1,"hosScheduleId":"4"},
{"hoscode":"1000_0","depcode":"200040878","title":"副主任医师","docname":"裴育","skill":"骨质疏松和骨代谢疾病、糖尿病、甲状腺疾病。","workDate":"2020-12-23","workTime":0,"reservedNumber":40,"availableNumber":6,"amount":"100","status":1,"hosScheduleId":"5"},
{"hoscode":"1000_0","depcode":"200040878","title":"副主任医师","docname":"邵迎红","skill":"内分泌与代谢性疾病。","workDate":"2020-12-23","workTime":1,"reservedNumber":27,"availableNumber":10,"amount":"100","status":1,"hosScheduleId":"6"},
{"hoscode":"1000_0","depcode":"200040878","title":"医师","docname":"邵迎红","skill":"内分泌科常见病。","workDate":"2020-12-15","workTime":0,"reservedNumber":33,"availableNumber":22,"amount":"100","status":1,"hosScheduleId":"7"},
{"hoscode":"1000_0","depcode":"200040878","title":"副主任医师","docname":"裴育","skill":"骨质疏松和骨代谢疾病、糖尿病、甲状腺疾病。","workDate":"2020-12-24","workTime":0,"reservedNumber":40,"availableNumber":6,"amount":"100","status":1,"hosScheduleId":"8"},
{"hoscode":"1000_0","depcode":"200040878","title":"副主任医师","docname":"邵迎红","skill":"内分泌与代谢性疾病。","workDate":"2020-12-24","workTime":1,"reservedNumber":27,"availableNumber":10,"amount":"100","status":1,"hosScheduleId":"9"},
{"hoscode":"1000_0","depcode":"200040878","title":"医师","docname":"邵迎红","skill":"内分泌科常见病。","workDate":"2020-12-16","workTime":0,"reservedNumber":33,"availableNumber":22,"amount":"100","status":1,"hosScheduleId":"10"},
{"hoscode":"1000_0","depcode":"200040878","title":"副主任医师","docname":"裴育","skill":"骨质疏松和骨代谢疾病、糖尿病、甲状腺疾病。","workDate":"2020-12-25","workTime":0,"reservedNumber":40,"availableNumber":6,"amount":"100","status":1,"hosScheduleId":"11"},
{"hoscode":"1000_0","depcode":"200040878","title":"副主任医师","docname":"邵迎红","skill":"内分泌与代谢性疾病。","workDate":"2020-12-25","workTime":1,"reservedNumber":27,"availableNumber":10,"amount":"100","status":1,"hosScheduleId":"12"},
{"hoscode":"1000_0","depcode":"200040878","title":"医师","docname":"邵迎红","skill":"内分泌科常见病。","workDate":"2020-12-17","workTime":0,"reservedNumber":33,"availableNumber":22,"amount":"100","status":1,"hosScheduleId":"13"},
{"hoscode":"1000_0","depcode":"200040878","title":"副主任医师","docname":"裴育","skill":"骨质疏松和骨代谢疾病、糖尿病、甲状腺疾病。","workDate":"2020-12-26","workTime":0,"reservedNumber":40,"availableNumber":6,"amount":"100","status":1,"hosScheduleId":"14"},
{"hoscode":"1000_0","depcode":"200040878","title":"副主任医师","docname":"邵迎红","skill":"内分泌与代谢性疾病。","workDate":"2020-12-26","workTime":1,"reservedNumber":27,"availableNumber":10,"amount":"100","status":1,"hosScheduleId":"15"},
{"hoscode":"1000_0","depcode":"200040878","title":"医师","docname":"邵迎红","skill":"内分泌科常见病。","workDate":"2020-12-18","workTime":0,"reservedNumber":33,"availableNumber":22,"amount":"100","status":1,"hosScheduleId":"16"},
{"hoscode":"1000_0","depcode":"200040878","title":"副主任医师","docname":"裴育","skill":"骨质疏松和骨代谢疾病、糖尿病、甲状腺疾病。","workDate":"2020-12-27","workTime":0,"reservedNumber":40,"availableNumber":6,"amount":"100","status":1,"hosScheduleId":"17"},
{"hoscode":"1000_0","depcode":"200040878","title":"副主任医师","docname":"邵迎红","skill":"内分泌与代谢性疾病。","workDate":"2020-12-27","workTime":1,"reservedNumber":27,"availableNumber":10,"amount":"100","status":1,"hosScheduleId":"18"},
{"hoscode":"1000_0","depcode":"200040878","title":"医师","docname":"邵迎红","skill":"内分泌科常见病。","workDate":"2020-12-19","workTime":0,"reservedNumber":33,"availableNumber":22,"amount":"100","status":1,"hosScheduleId":"19"},
{"hoscode":"1000_0","depcode":"200040878","title":"副主任医师","docname":"裴育","skill":"骨质疏松和骨代谢疾病、糖尿病、甲状腺疾病。","workDate":"2020-12-28","workTime":0,"reservedNumber":40,"availableNumber":6,"amount":"100","status":1,"hosScheduleId":"20"},
{"hoscode":"1000_0","depcode":"200040878","title":"副主任医师","docname":"邵迎红","skill":"内分泌与代谢性疾病。","workDate":"2020-12-28","workTime":1,"reservedNumber":27,"availableNumber":10,"amount":"100","status":1,"hosScheduleId":"21"},
{"hoscode":"1000_0","depcode":"200040878","title":"医师","docname":"邵迎红","skill":"内分泌科常见病。","workDate":"2020-12-20","workTime":0,"reservedNumber":33,"availableNumber":22,"amount":"100","status":1,"hosScheduleId":"22"},
{"hoscode":"1000_0","depcode":"200040878","title":"副主任医师","docname":"裴育","skill":"骨质疏松和骨代谢疾病、糖尿病、甲状腺疾病。","workDate":"2020-12-29","workTime":0,"reservedNumber":40,"availableNumber":6,"amount":"100","status":1,"hosScheduleId":"23"},
{"hoscode":"1000_0","depcode":"200040878","title":"副主任医师","docname":"邵迎红","skill":"内分泌与代谢性疾病。","workDate":"2020-12-29","workTime":1,"reservedNumber":27,"availableNumber":10,"amount":"100","status":1,"hosScheduleId":"24"},
{"hoscode":"1000_0","depcode":"200040878","title":"医师","docname":"邵迎红","skill":"内分泌科常见病。","workDate":"2020-12-21","workTime":0,"reservedNumber":33,"availableNumber":22,"amount":"100","status":1,"hosScheduleId":"25"},
{"hoscode":"1000_0","depcode":"200040878","title":"副主任医师","docname":"裴育","skill":"骨质疏松和骨代谢疾病、糖尿病、甲状腺疾病。","workDate":"2020-12-30","workTime":0,"reservedNumber":40,"availableNumber":6,"amount":"100","status":1,"hosScheduleId":"26"},
{"hoscode":"1000_0","depcode":"200040878","title":"副主任医师","docname":"邵迎红","skill":"内分泌与代谢性疾病。","workDate":"2020-12-30","workTime":1,"reservedNumber":27,"availableNumber":10,"amount":"100","status":1,"hosScheduleId":"27"},
{"hoscode":"1000_0","depcode":"200040878","title":"副主任医师","docname":"裴育","skill":"骨质疏松和骨代谢疾病、糖尿病、甲状腺疾病。","workDate":"2020-12-30","workTime":0,"reservedNumber":40,"availableNumber":6,"amount":"100","status":1,"hosScheduleId":"29"},
{"hoscode":"1000_0","depcode":"200040878","title":"副主任医师","docname":"邵迎红","skill":"内分泌与代谢性疾病。","workDate":"2020-12-30","workTime":1,"reservedNumber":27,"availableNumber":10,"amount":"100","status":1,"hosScheduleId":"30"},
{"hoscode":"1000_0","depcode":"200040878","title":"医师","docname":"","skill":"内分泌科常见病。","workDate":"2021-01-01","workTime":0,"reservedNumber":33,"availableNumber":22,"amount":"100","status":1,"hosScheduleId":"31"},
{"hoscode":"1000_0","depcode":"200040878","title":"副主任医师","docname":"裴育","skill":"骨质疏松和骨代谢疾病、糖尿病、甲状腺疾病。","workDate":"2021-01-01","workTime":0,"reservedNumber":40,"availableNumber":6,"amount":"100","status":1,"hosScheduleId":"32"},
{"hoscode":"1000_0","depcode":"200040878","title":"副主任医师","docname":"邵迎红","skill":"内分泌与代谢性疾病。","workDate":"2021-01-01","workTime":1,"reservedNumber":27,"availableNumber":10,"amount":"100","status":1,"hosScheduleId":"33"},
{"hoscode":"1000_0","depcode":"200040878","title":"医师","docname":"邵迎红","skill":"内分泌科常见病。","workDate":"2021-01-02","workTime":0,"reservedNumber":33,"availableNumber":22,"amount":"100","status":1,"hosScheduleId":"34"},
{"hoscode":"1000_0","depcode":"200040878","title":"副主任医师","docname":"裴育","skill":"骨质疏松和骨代谢疾病、糖尿病、甲状腺疾病。","workDate":"2021-01-02","workTime":0,"reservedNumber":40,"availableNumber":6,"amount":"100","status":1,"hosScheduleId":"35"},
{"hoscode":"1000_0","depcode":"200040878","title":"副主任医师","docname":"邵迎红","skill":"内分泌与代谢性疾病。","workDate":"2021-01-02","workTime":1,"reservedNumber":27,"availableNumber":10,"amount":"100","status":1,"hosScheduleId":"36"},
{"hoscode":"1000_0","depcode":"200040878","title":"医师","docname":"邵迎红","skill":"内分泌科常见病。","workDate":"2021-01-03","workTime":0,"reservedNumber":33,"availableNumber":22,"amount":"100","status":1,"hosScheduleId":"37"},
{"hoscode":"1000_0","depcode":"200040878","title":"副主任医师","docname":"裴育","skill":"骨质疏松和骨代谢疾病、糖尿病、甲状腺疾病。","workDate":"2021-01-03","workTime":0,"reservedNumber":40,"availableNumber":6,"amount":"100","status":1,"hosScheduleId":"38"},
{"hoscode":"1000_0","depcode":"200040878","title":"副主任医师","docname":"邵迎红","skill":"内分泌与代谢性疾病。","workDate":"2021-01-03","workTime":1,"reservedNumber":27,"availableNumber":10,"amount":"100","status":1,"hosScheduleId":"39"},
{"hoscode":"1000_0","depcode":"200040878","title":"医师","docname":"邵迎红","skill":"内分泌科常见病。","workDate":"2021-01-04","workTime":0,"reservedNumber":33,"availableNumber":22,"amount":"100","status":1,"hosScheduleId":"40"},
{"hoscode":"1000_0","depcode":"200040878","title":"副主任医师","docname":"裴育","skill":"骨质疏松和骨代谢疾病、糖尿病、甲状腺疾病。","workDate":"2021-01-04","workTime":0,"reservedNumber":40,"availableNumber":6,"amount":"100","status":1,"hosScheduleId":"41"},
{"hoscode":"1000_0","depcode":"200040878","title":"副主任医师","docname":"邵迎红","skill":"内分泌与代谢性疾病。","workDate":"2021-01-04","workTime":1,"reservedNumber":27,"availableNumber":10,"amount":"100","status":1,"hosScheduleId":"42"},
{"hoscode":"1000_0","depcode":"200040878","title":"医师","docname":"邵迎红","skill":"内分泌科常见病。","workDate":"2021-01-05","workTime":0,"reservedNumber":33,"availableNumber":22,"amount":"100","status":1,"hosScheduleId":"43"},
{"hoscode":"1000_0","depcode":"200040878","title":"副主任医师","docname":"裴育","skill":"骨质疏松和骨代谢疾病、糖尿病、甲状腺疾病。","workDate":"2021-01-05","workTime":0,"reservedNumber":40,"availableNumber":6,"amount":"100","status":1,"hosScheduleId":"44"},
{"hoscode":"1000_0","depcode":"200040878","title":"副主任医师","docname":"邵迎红","skill":"内分泌与代谢性疾病。","workDate":"2021-01-05","workTime":1,"reservedNumber":27,"availableNumber":10,"amount":"100","status":1,"hosScheduleId":"45"},
{"hoscode":"1000_0","depcode":"200040878","title":"医师","docname":"邵迎红","skill":"内分泌科常见病。","workDate":"2021-01-06","workTime":0,"reservedNumber":33,"availableNumber":22,"amount":"100","status":1,"hosScheduleId":"46"},
{"hoscode":"1000_0","depcode":"200040878","title":"副主任医师","docname":"裴育","skill":"骨质疏松和骨代谢疾病、糖尿病、甲状腺疾病。","workDate":"2021-01-06","workTime":0,"reservedNumber":40,"availableNumber":6,"amount":"100","status":1,"hosScheduleId":"47"},
{"hoscode":"1000_0","depcode":"200040878","title":"副主任医师","docname":"邵迎红","skill":"内分泌与代谢性疾病。","workDate":"2021-01-06","workTime":1,"reservedNumber":27,"availableNumber":10,"amount":"100","status":1,"hosScheduleId":"48"},
{"hoscode":"1000_0","depcode":"200040878","title":"医师","docname":"","skill":"内分泌科常见病。","workDate":"2021-01-07","workTime":0,"reservedNumber":33,"availableNumber":22,"amount":"100","status":1,"hosScheduleId":"49"},
{"hoscode":"1000_0","depcode":"200040878","title":"副主任医师","docname":"裴育","skill":"骨质疏松和骨代谢疾病、糖尿病、甲状腺疾病。","workDate":"2021-01-07","workTime":0,"reservedNumber":40,"availableNumber":6,"amount":"100","status":1,"hosScheduleId":"50"},
{"hoscode":"1000_0","depcode":"200040878","title":"副主任医师","docname":"邵迎红","skill":"内分泌与代谢性疾病。","workDate":"2021-01-07","workTime":1,"reservedNumber":27,"availableNumber":10,"amount":"100","status":1,"hosScheduleId":"51"},
{"hoscode":"1000_0","depcode":"200040878","title":"医师","docname":"","skill":"内分泌科常见病。","workDate":"2021-01-08","workTime":0,"reservedNumber":33,"availableNumber":22,"amount":"100","status":1,"hosScheduleId":"52"},
{"hoscode":"1000_0","depcode":"200040878","title":"副主任医师","docname":"裴育","skill":"骨质疏松和骨代谢疾病、糖尿病、甲状腺疾病。","workDate":"2021-01-08","workTime":0,"reservedNumber":40,"availableNumber":6,"amount":"100","status":1,"hosScheduleId":"53"},
{"hoscode":"1000_0","depcode":"200040878","title":"副主任医师","docname":"邵迎红","skill":"内分泌与代谢性疾病。","workDate":"2021-01-08","workTime":1,"reservedNumber":27,"availableNumber":10,"amount":"100","status":1,"hosScheduleId":"54"},
{"hoscode":"1000_0","depcode":"200040878","title":"医师","docname":"","skill":"内分泌科常见病。","workDate":"2021-01-09","workTime":0,"reservedNumber":33,"availableNumber":22,"amount":"100","status":1,"hosScheduleId":"55"},
{"hoscode":"1000_0","depcode":"200040878","title":"副主任医师","docname":"裴育","skill":"骨质疏松和骨代谢疾病、糖尿病、甲状腺疾病。","workDate":"2021-01-09","workTime":0,"reservedNumber":40,"availableNumber":6,"amount":"100","status":1,"hosScheduleId":"56"},
{"hoscode":"1000_0","depcode":"200040878","title":"副主任医师","docname":"邵迎红","skill":"内分泌与代谢性疾病。","workDate":"2021-01-09","workTime":1,"reservedNumber":27,"availableNumber":10,"amount":"100","status":1,"hosScheduleId":"57"},
{"hoscode":"1000_0","depcode":"200040878","title":"医师","docname":"","skill":"内分泌科常见病。","workDate":"2021-01-10","workTime":0,"reservedNumber":33,"availableNumber":22,"amount":"100","status":1,"hosScheduleId":"58"},
{"hoscode":"1000_0","depcode":"200040878","title":"副主任医师","docname":"裴育","skill":"骨质疏松和骨代谢疾病、糖尿病、甲状腺疾病。","workDate":"2021-01-10","workTime":0,"reservedNumber":40,"availableNumber":6,"amount":"100","status":1,"hosScheduleId":"59"},
{"hoscode":"1000_0","depcode":"200040878","title":"副主任医师","docname":"邵迎红","skill":"内分泌与代谢性疾病。","workDate":"2021-01-10","workTime":1,"reservedNumber":27,"availableNumber":10,"amount":"100","status":1,"hosScheduleId":"60"},
{"hoscode":"1000_0","depcode":"200040878","title":"医师","docname":"","skill":"内分泌科常见病。","workDate":"2021-01-11","workTime":0,"reservedNumber":33,"availableNumber":22,"amount":"100","status":1,"hosScheduleId":"61"},
{"hoscode":"1000_0","depcode":"200040878","title":"副主任医师","docname":"裴育","skill":"骨质疏松和骨代谢疾病、糖尿病、甲状腺疾病。","workDate":"2021-01-11","workTime":0,"reservedNumber":40,"availableNumber":6,"amount":"100","status":1,"hosScheduleId":"62"},
{"hoscode":"1000_0","depcode":"200040878","title":"副主任医师","docname":"邵迎红","skill":"内分泌与代谢性疾病。","workDate":"2021-01-11","workTime":1,"reservedNumber":27,"availableNumber":10,"amount":"100","status":1,"hosScheduleId":"63"},
{"hoscode":"1000_0","depcode":"200040878","title":"医师","docname":"","skill":"内分泌科常见病。","workDate":"2021-01-12","workTime":0,"reservedNumber":33,"availableNumber":22,"amount":"100","status":1,"hosScheduleId":"64"},
{"hoscode":"1000_0","depcode":"200040878","title":"副主任医师","docname":"裴育","skill":"骨质疏松和骨代谢疾病、糖尿病、甲状腺疾病。","workDate":"2021-01-12","workTime":0,"reservedNumber":40,"availableNumber":6,"amount":"100","status":1,"hosScheduleId":"65"},
{"hoscode":"1000_0","depcode":"200040878","title":"副主任医师","docname":"邵迎红","skill":"内分泌与代谢性疾病。","workDate":"2021-01-12","workTime":1,"reservedNumber":27,"availableNumber":10,"amount":"100","status":1,"hosScheduleId":"66"},
{"hoscode":"1000_0","depcode":"200040878","title":"医师","docname":"","skill":"内分泌科常见病。","workDate":"2021-01-13","workTime":0,"reservedNumber":33,"availableNumber":22,"amount":"100","status":1,"hosScheduleId":"67"},
{"hoscode":"1000_0","depcode":"200040878","title":"副主任医师","docname":"裴育","skill":"骨质疏松和骨代谢疾病、糖尿病、甲状腺疾病。","workDate":"2021-01-13","workTime":0,"reservedNumber":40,"availableNumber":6,"amount":"100","status":1,"hosScheduleId":"68"},
{"hoscode":"1000_0","depcode":"200040878","title":"副主任医师","docname":"邵迎红","skill":"内分泌与代谢性疾病。","workDate":"2021-01-13","workTime":1,"reservedNumber":27,"availableNumber":10,"amount":"100","status":1,"hosScheduleId":"69"},
{"hoscode":"1000_0","depcode":"200040878","title":"医师","docname":"","skill":"内分泌科常见病。","workDate":"2021-01-14","workTime":0,"reservedNumber":33,"availableNumber":22,"amount":"100","status":1,"hosScheduleId":"70"},
{"hoscode":"1000_0","depcode":"200040878","title":"副主任医师","docname":"裴育","skill":"骨质疏松和骨代谢疾病、糖尿病、甲状腺疾病。","workDate":"2021-01-14","workTime":0,"reservedNumber":40,"availableNumber":6,"amount":"100","status":1,"hosScheduleId":"71"},
{"hoscode":"1000_0","depcode":"200040878","title":"副主任医师","docname":"邵迎红","skill":"内分泌与代谢性疾病。","workDate":"2021-01-14","workTime":1,"reservedNumber":27,"availableNumber":10,"amount":"100","status":1,"hosScheduleId":"72"},
{"hoscode":"1000_0","depcode":"200040878","title":"医师","docname":"","skill":"内分泌科常见病。","workDate":"2021-01-15","workTime":0,"reservedNumber":33,"availableNumber":22,"amount":"100","status":1,"hosScheduleId":"73"},
{"hoscode":"1000_0","depcode":"200040878","title":"副主任医师","docname":"裴育","skill":"骨质疏松和骨代谢疾病、糖尿病、甲状腺疾病。","workDate":"2021-01-15","workTime":0,"reservedNumber":40,"availableNumber":6,"amount":"100","status":1,"hosScheduleId":"74"},
{"hoscode":"1000_0","depcode":"200040878","title":"副主任医师","docname":"邵迎红","skill":"内分泌与代谢性疾病。","workDate":"2021-01-15","workTime":1,"reservedNumber":27,"availableNumber":10,"amount":"100","status":1,"hosScheduleId":"75"},
{"hoscode":"1000_0","depcode":"200040878","title":"医师","docname":"","skill":"内分泌科常见病。","workDate":"2021-01-16","workTime":0,"reservedNumber":33,"availableNumber":22,"amount":"100","status":1,"hosScheduleId":"76"},
{"hoscode":"1000_0","depcode":"200040878","title":"副主任医师","docname":"裴育","skill":"骨质疏松和骨代谢疾病、糖尿病、甲状腺疾病。","workDate":"2021-01-16","workTime":0,"reservedNumber":40,"availableNumber":6,"amount":"100","status":1,"hosScheduleId":"77"},
{"hoscode":"1000_0","depcode":"200040878","title":"副主任医师","docname":"邵迎红","skill":"内分泌与代谢性疾病。","workDate":"2021-01-16","workTime":1,"reservedNumber":27,"availableNumber":10,"amount":"100","status":1,"hosScheduleId":"78"},
{"hoscode":"1000_0","depcode":"200040878","title":"医师","docname":"","skill":"内分泌科常见病。","workDate":"2021-01-17","workTime":0,"reservedNumber":33,"availableNumber":22,"amount":"100","status":1,"hosScheduleId":"79"},
{"hoscode":"1000_0","depcode":"200040878","title":"副主任医师","docname":"裴育","skill":"骨质疏松和骨代谢疾病、糖尿病、甲状腺疾病。","workDate":"2021-01-17","workTime":0,"reservedNumber":40,"availableNumber":6,"amount":"100","status":1,"hosScheduleId":"80"},
{"hoscode":"1000_0","depcode":"200040878","title":"副主任医师","docname":"邵迎红","skill":"内分泌与代谢性疾病。","workDate":"2021-01-17","workTime":1,"reservedNumber":27,"availableNumber":10,"amount":"100","status":1,"hosScheduleId":"81"},
{"hoscode":"1000_0","depcode":"200040878","title":"医师","docname":"","skill":"内分泌科常见病。","workDate":"2021-01-18","workTime":0,"reservedNumber":33,"availableNumber":22,"amount":"100","status":1,"hosScheduleId":"82"},
{"hoscode":"1000_0","depcode":"200040878","title":"副主任医师","docname":"裴育","skill":"骨质疏松和骨代谢疾病、糖尿病、甲状腺疾病。","workDate":"2021-01-18","workTime":0,"reservedNumber":40,"availableNumber":6,"amount":"100","status":1,"hosScheduleId":"83"},
{"hoscode":"1000_0","depcode":"200040878","title":"副主任医师","docname":"邵迎红","skill":"内分泌与代谢性疾病。","workDate":"2021-01-18","workTime":1,"reservedNumber":27,"availableNumber":10,"amount":"100","status":1,"hosScheduleId":"84"},
{"hoscode":"1000_0","depcode":"200040878","title":"医师","docname":"","skill":"内分泌科常见病。","workDate":"2021-01-19","workTime":0,"reservedNumber":33,"availableNumber":22,"amount":"100","status":1,"hosScheduleId":"85"},
{"hoscode":"1000_0","depcode":"200040878","title":"副主任医师","docname":"裴育","skill":"骨质疏松和骨代谢疾病、糖尿病、甲状腺疾病。","workDate":"2021-01-19","workTime":0,"reservedNumber":40,"availableNumber":6,"amount":"100","status":1,"hosScheduleId":"86"},
{"hoscode":"1000_0","depcode":"200040878","title":"副主任医师","docname":"邵迎红","skill":"内分泌与代谢性疾病。","workDate":"2021-01-19","workTime":1,"reservedNumber":27,"availableNumber":10,"amount":"100","status":1,"hosScheduleId":"87"},
{"hoscode":"1000_0","depcode":"200040878","title":"医师","docname":"","skill":"内分泌科常见病。","workDate":"2021-01-20","workTime":0,"reservedNumber":33,"availableNumber":22,"amount":"100","status":1,"hosScheduleId":"88"},
{"hoscode":"1000_0","depcode":"200040878","title":"副主任医师","docname":"裴育","skill":"骨质疏松和骨代谢疾病、糖尿病、甲状腺疾病。","workDate":"2021-01-20","workTime":0,"reservedNumber":40,"availableNumber":6,"amount":"100","status":1,"hosScheduleId":"89"},
{"hoscode":"1000_0","depcode":"200040878","title":"副主任医师","docname":"邵迎红","skill":"内分泌与代谢性疾病。","workDate":"2021-01-20","workTime":1,"reservedNumber":27,"availableNumber":10,"amount":"100","status":1,"hosScheduleId":"90"},
{"hoscode":"1000_0","depcode":"200040878","title":"医师","docname":"","skill":"内分泌科常见病。","workDate":"2021-01-21","workTime":0,"reservedNumber":33,"availableNumber":22,"amount":"100","status":1,"hosScheduleId":"91"},
{"hoscode":"1000_0","depcode":"200040878","title":"副主任医师","docname":"裴育","skill":"骨质疏松和骨代谢疾病、糖尿病、甲状腺疾病。","workDate":"2021-01-21","workTime":0,"reservedNumber":40,"availableNumber":6,"amount":"100","status":1,"hosScheduleId":"92"},
{"hoscode":"1000_0","depcode":"200040878","title":"副主任医师","docname":"邵迎红","skill":"内分泌与代谢性疾病。","workDate":"2021-01-21","workTime":1,"reservedNumber":27,"availableNumber":10,"amount":"100","status":1,"hosScheduleId":"93"},
{"hoscode":"1000_0","depcode":"200040878","title":"医师","docname":"","skill":"内分泌科常见病。","workDate":"2021-01-22","workTime":0,"reservedNumber":33,"availableNumber":22,"amount":"100","status":1,"hosScheduleId":"94"},
{"hoscode":"1000_0","depcode":"200040878","title":"副主任医师","docname":"裴育","skill":"骨质疏松和骨代谢疾病、糖尿病、甲状腺疾病。","workDate":"2021-01-22","workTime":0,"reservedNumber":40,"availableNumber":6,"amount":"100","status":1,"hosScheduleId":"95"},
{"hoscode":"1000_0","depcode":"200040878","title":"副主任医师","docname":"邵迎红","skill":"内分泌与代谢性疾病。","workDate":"2021-01-22","workTime":1,"reservedNumber":27,"availableNumber":10,"amount":"100","status":1,"hosScheduleId":"96"},
{"hoscode":"1000_0","depcode":"200040878","title":"医师","docname":"","skill":"内分泌科常见病。","workDate":"2021-01-23","workTime":0,"reservedNumber":33,"availableNumber":22,"amount":"100","status":1,"hosScheduleId":"97"},
{"hoscode":"1000_0","depcode":"200040878","title":"副主任医师","docname":"裴育","skill":"骨质疏松和骨代谢疾病、糖尿病、甲状腺疾病。","workDate":"2021-01-23","workTime":0,"reservedNumber":40,"availableNumber":6,"amount":"100","status":1,"hosScheduleId":"98"},
{"hoscode":"1000_0","depcode":"200040878","title":"副主任医师","docname":"邵迎红","skill":"内分泌与代谢性疾病。","workDate":"2021-01-23","workTime":1,"reservedNumber":27,"availableNumber":10,"amount":"100","status":1,"hosScheduleId":"99"},
{"hoscode":"1000_0","depcode":"200040878","title":"医师","docname":"","skill":"内分泌科常见病。","workDate":"2021-01-24","workTime":0,"reservedNumber":33,"availableNumber":22,"amount":"100","status":1,"hosScheduleId":"100"},
{"hoscode":"1000_0","depcode":"200040878","title":"副主任医师","docname":"裴育","skill":"骨质疏松和骨代谢疾病、糖尿病、甲状腺疾病。","workDate":"2021-01-24","workTime":0,"reservedNumber":40,"availableNumber":6,"amount":"100","status":1,"hosScheduleId":"101"},
{"hoscode":"1000_0","depcode":"200040878","title":"副主任医师","docname":"邵迎红","skill":"内分泌与代谢性疾病。","workDate":"2021-01-24","workTime":1,"reservedNumber":27,"availableNumber":10,"amount":"100","status":1,"hosScheduleId":"102"},
{"hoscode":"1000_0","depcode":"200040878","title":"医师","docname":"","skill":"内分泌科常见病。","workDate":"2021-01-25","workTime":0,"reservedNumber":33,"availableNumber":22,"amount":"100","status":1,"hosScheduleId":"103"},
{"hoscode":"1000_0","depcode":"200040878","title":"副主任医师","docname":"裴育","skill":"骨质疏松和骨代谢疾病、糖尿病、甲状腺疾病。","workDate":"2021-01-25","workTime":0,"reservedNumber":40,"availableNumber":6,"amount":"100","status":1,"hosScheduleId":"104"},
{"hoscode":"1000_0","depcode":"200040878","title":"副主任医师","docname":"邵迎红","skill":"内分泌与代谢性疾病。","workDate":"2021-01-25","workTime":1,"reservedNumber":27,"availableNumber":10,"amount":"100","status":1,"hosScheduleId":"105"},
{"hoscode":"1000_0","depcode":"200040878","title":"医师","docname":"","skill":"内分泌科常见病。","workDate":"2021-01-26","workTime":0,"reservedNumber":33,"availableNumber":22,"amount":"100","status":1,"hosScheduleId":"106"},
{"hoscode":"1000_0","depcode":"200040878","title":"副主任医师","docname":"裴育","skill":"骨质疏松和骨代谢疾病、糖尿病、甲状腺疾病。","workDate":"2021-01-26","workTime":0,"reservedNumber":40,"availableNumber":6,"amount":"100","status":1,"hosScheduleId":"107"},
{"hoscode":"1000_0","depcode":"200040878","title":"副主任医师","docname":"邵迎红","skill":"内分泌与代谢性疾病。","workDate":"2021-01-26","workTime":1,"reservedNumber":27,"availableNumber":10,"amount":"100","status":1,"hosScheduleId":"108"},
{"hoscode":"1000_0","depcode":"200040878","title":"医师","docname":"","skill":"内分泌科常见病。","workDate":"2021-01-27","workTime":0,"reservedNumber":33,"availableNumber":22,"amount":"100","status":1,"hosScheduleId":"109"},
{"hoscode":"1000_0","depcode":"200040878","title":"副主任医师","docname":"裴育","skill":"骨质疏松和骨代谢疾病、糖尿病、甲状腺疾病。","workDate":"2021-01-27","workTime":0,"reservedNumber":40,"availableNumber":6,"amount":"100","status":1,"hosScheduleId":"110"},
{"hoscode":"1000_0","depcode":"200040878","title":"副主任医师","docname":"邵迎红","skill":"内分泌与代谢性疾病。","workDate":"2021-01-27","workTime":1,"reservedNumber":27,"availableNumber":10,"amount":"100","status":1,"hosScheduleId":"111"},
{"hoscode":"1000_0","depcode":"200040878","title":"医师","docname":"","skill":"内分泌科常见病。","workDate":"2021-01-28","workTime":0,"reservedNumber":33,"availableNumber":22,"amount":"100","status":1,"hosScheduleId":"112"},
{"hoscode":"1000_0","depcode":"200040878","title":"副主任医师","docname":"裴育","skill":"骨质疏松和骨代谢疾病、糖尿病、甲状腺疾病。","workDate":"2021-01-28","workTime":0,"reservedNumber":40,"availableNumber":6,"amount":"100","status":1,"hosScheduleId":"113"},
{"hoscode":"1000_0","depcode":"200040878","title":"副主任医师","docname":"邵迎红","skill":"内分泌与代谢性疾病。","workDate":"2021-01-28","workTime":1,"reservedNumber":27,"availableNumber":10,"amount":"100","status":1,"hosScheduleId":"114"}
]